Milieudruk	Vraag	Antwoordtype	Waarde
1	1	1	2
1	1	2	1
1	1	3	matig (index 0,502 / aantalklassen 1)
1	2	1	3
1	2	2	2
1	2	3	Vlaanderen tot internationaal
1	3	1	3
1	3	2	3
1	3	3	wijd verspreid in Vlaanderen
1	4	1	3
1	4	2	3
1	4	3	"Complex
- veel bronnen (ook internationaal)
- sectoren industrie, transport, gebouwen
- complexe, deels onbekende processen tussen bronnen en uiteindelijke milieudruk"
1	5	1	3
1	5	2	2
1	5	3	Nee, er is wel een internationaal kader maar dat is nog niet geïmplementeerd in Vlaanderen
1	6	1	2
1	6	2	2
1	6	3	"- Ja
- Het schatten van de impact van maatregelen (modellering) is complex en kan onzekerheid met zich meebrengen"
1	7	1	2
1	7	2	2
1	7	3	- Temperatuur- en neerslagmetingen KMI, in een aantal meetstations verspreid over Vlaanderen - Er is veel minder informatie over de effecten op kritische procesparameters
1	8	1	1
1	8	2	1
1	8	3	Er is informatie over bepaalde soorten (evolutie van ranges), maar er is veel onzekerheid. Geen grenswaarden voor neerslag, CO2 en temperatuur, wel voor bepaalde procesparameters (bv. waterstanden).
2	1	1	2
2	1	2	1
2	1	3	matig (index 0,278 / aantalklassen 0)
2	2	1	3
2	2	2	2
2	2	3	Vlaanderen tot internationaal
2	3	1	3
2	3	2	3
2	3	3	wijd verspreid in Vlaanderen
2	4	1	3
2	4	2	3
2	4	3	"Complex
- veel bronnen (ook internationaal)
- sectoren industrie, transport, gebouwen
- complexe, deels onbekende processen tussen bronnen en uiteindelijke milieudruk"
2	5	1	3
2	5	2	2
2	5	3	Nee, er is wel een internationaal kader maar dat is nog niet geïmplementeerd in Vlaanderen
2	6	1	2
2	6	2	2
2	6	3	"- Ja
- Het schatten van de impact van maatregelen (modellering) is complex en kan onzekerheid met zich meebrengen"
2	7	1	2
2	7	2	1
2	7	3	- Temperatuur- en neerslagmetingen KMI, in een aantal meetstations verspreid over Vlaanderen - Er is veel minder informatie over de effecten op kritische procesparameters
2	8	1	1
2	8	2	1
2	8	3	Er is informatie over bepaalde soorten (evolutie van ranges), maar er is veel onzekerheid. Geen grenswaarden voor neerslag, CO2 en temperatuur, wel voor bepaalde procesparameters (bv. waterstanden).
3	1	1	1
3	1	2	2
3	1	3	laag (index 0,049 / aantalklassen 0)
3	2	1	2
3	2	2	2
3	2	3	SBZ-(deel)gebied
3	3	1	2
3	3	2	3
3	3	3	Kustgebied (duinen, hele polder) en Zeeschelde
3	4	1	3
3	4	2	2
3	4	3	"Complex
- veel bronnen (ook internationaal)
- sectoren industrie, transport, gebouwen
- complexe, deels onbekende processen tussen bronnen en uiteindelijke milieudruk"
3	5	1	3
3	5	2	2
3	5	3	Nee, er is wel een internationaal kader maar dat is nog niet geïmplementeerd in Vlaanderen
3	6	1	2
3	6	2	2
3	6	3	"- Ja
- Het schatten van de impact van maatregelen (modellering) is complex en kan onzekerheid met zich meebrengen"
3	7	1	3
3	7	2	2
3	7	3	Ja (maregrafen aan de kust, waterstandsmetingen in de tijgebonden rivieren, kennis over stormvloeden)
3	8	1	0
3	8	2	2
3	8	3	Voor zeespiegelstijging zelf zijn er geen kritische drempelwaarden voor impact op biota.
4	1	1	3
4	1	2	3
4	1	3	hoog (index 1,924 / aantalklassen 3)
4	2	1	0
4	2	2	3
4	2	3	lokaal
4	3	1	3
4	3	2	3
4	3	3	wijd verspreid in Vlaanderen
4	4	1	2
4	4	2	2
4	4	3	"Matig complex
- veel sectoren, maar per locatie eenvoudig (meestal 1 actor)
- weliswaar veel bronnen (lokaal)"
4	5	1	2
4	5	2	2
4	5	3	Deels, er zijn beleidsinstrumenten (vooral natuurdecreet, habitatrichtlijn, ruimtelijke ordening en in beperktere mate bosdecreet) toegepast in vergunningenverlening en handhaving maar implementatie biedt nog onvoldoende bescherming
4	6	1	3
4	6	2	2
4	6	3	"- Ja
- de impact van de maatregelen is vrij goed in te schatten"
4	7	1	2
4	7	2	1
4	7	3	Slechts sporadisch en verspreid gegevens beschikbaar over bodemcompactie, herprofilering, nieuw substraat en grondverzet. Verharding is via remote sensing goed in kaart gebracht.
4	8	1	1
4	8	2	1
4	8	3	In beperkte mate gekend voor boshabitat, in functie van gevoeligheid voor schade door exploitatie
5	1	1	2
5	1	2	3
5	1	3	matig (index 0,392 / aantalklassen 0)
5	2	1	0
5	2	2	2
5	2	3	lokaal
5	3	1	3
5	3	2	2
5	3	3	wijd verspreid in Vlaanderen
5	4	1	2
5	4	2	2
5	4	3	"Matig complex
- veel ruimtegebruikers
- veel (veelal) lokale bronnen, maar oorzaak-effect relatie per bron is vrij eenvoudig
- druk is evenwel resultante van uiteenlopende oorzaken en omvat daarom uiteenlopende deelprocesketens"
5	5	1	2
5	5	2	2
5	5	3	Deels, ze zijn nog onvoldoende afgestemd op de complexiteit van de milieudruk
5	6	1	2
5	6	2	2
5	6	3	"Op zich wellicht wel maar implementatie moeilijk wegens complexiteit (verschillende deelaspecten)
inschatting effecten moeilijk (uitz verstuiving)"
5	7	1	2
5	7	2	2
5	7	3	Globaal weinig. Wel voor bepaalde systemen (rivierdynamiek, zanddynamiek aan de kust)
5	8	1	0
5	8	2	2
5	8	3	Nee
6	1	1	2
6	1	2	3
6	1	3	matig (index 0,396 / aantalklassen 1)
6	2	1	1
6	2	2	1
6	2	3	lokaal tot SBZ-(deel)gebied
6	3	1	2
6	3	2	2
6	3	3	verspreid in Vlaanderen: kalkrijke hellingen (9150 beukenbos), duinen (kust & binnenland), Grensmaas (stroomdalgraslanden)
6	4	1	2
6	4	2	2
6	4	3	"Matig complex
- veel ruimtegebruikers
- veel (veelal) lokale bronnen, maar oorzaak-effect relatie per bron is vrij eenvoudig
- druk is evenwel resultante van uiteenlopende oorzaken en omvat daarom uiteenlopende deelprocesketens; oorzaken van de afname van de verstuiving aan de kust is onvoldoende gekend"
6	5	1	2
6	5	2	2
6	5	3	Deels, ze zijn nog onvoldoende afgestemd op de complexiteit van de milieudruk
6	6	1	2
6	6	2	2
6	6	3	"- Ja
- inschatting effecten moeilijk"
6	7	1	2
6	7	2	2
6	7	3	Globaal weinig. Wel voor bepaalde systemen (rivierdynamiek, zanddynamiek aan de kust)
6	8	1	0
6	8	2	2
6	8	3	Nee
7	1	1	2
7	1	2	3
7	1	3	matig (index 0,588 / aantalklassen 1)
7	2	1	1
7	2	2	2
7	2	3	lokaal tot SBZ-(deel)gebied
7	3	1	3
7	3	2	2
7	3	3	wijd verspreid in Vlaanderen
7	4	1	2
7	4	2	2
7	4	3	"Matig complex
- meestal ligt de verantwoordelijkheid bij overheden, maar ook wateringen en landbouwsector
- vrij veel afzonderlijke bronnen (vnl. duikers, stuwen, e.d.)"
7	5	1	2
7	5	2	1
7	5	3	Deels, ze zijn nog onvoldoende afgestemd op de complexiteit van de milieudruk
7	6	1	2
7	6	2	1
7	6	3	- Ja: ontsnipperingsmaatregelen op waterlopen mogelijk
7	7	1	2
7	7	2	2
7	7	3	Deels wel voor habitat 3260 (ondiepe beken en rivieren). Vismigratieknelpunten zijn goed gekend. Voor stilstaande wateren is wellicht veel minder informatie beschikbaar.
7	8	1	1
7	8	2	2
7	8	3	Beperkt:  aquatische habitats dan terrestrisch habitats die voor connectiviteit afhankelijk zijn van aquatische habitats. Connectiviteitsstudies die beschikbaar zijn, gaan slechts over één of enkele soorten, zelden of nooit over het functioneren van het gehele habitat
8	1	1	3
8	1	2	3
8	1	3	hoog (index 1,551 / aantalklassen 2)
8	2	1	1
8	2	2	3
8	2	3	lokaal tot SBZ-(deel)gebied
8	3	1	3
8	3	2	3
8	3	3	wijd verspreid in Vlaanderen
8	4	1	3
8	4	2	2
8	4	3	"Complex:
- Veel sectoren: alle ruimtegebruikers (terrestrische natuurinfrastructuur) + ruimtelijke ordening: het creëren van barrières/fragmentatie thv tuinen, bermen, natuurpercelen, bomen, hagen, corridors, …
- Veel gelokaliseerde bronnen; effect op grotere schaal wordt versterkt door meerdere bronnen"
8	5	1	2
8	5	2	1
8	5	3	"Deels, ze zijn nog onvoldoende afgestemd op de complexiteit van de milieudruk
(nog nodig: uitwerking van de plannen in S-IHD rapporten om connecties binnen en tussen SBZ gebieden te voorzien; maar ook een sanering van de (meest prioritaire) migratiebarrières (cfr. ontsnipperingstool))"
8	6	1	2
8	6	2	3
8	6	3	"- Ja
- Ja (lokale modellen? / kennis)"
8	7	1	2
8	7	2	2
8	7	3	"Gedeeltelijke basisgegevens beschikbaar (ook leefgebieden).
Verschillende methodes beschikbaar (deelaspecten), o.m. ontsnipperingstool.
Mogelijke inspiratie qua methodiek: https://biblio.ugent.be/publication/7169040/file/8101018.pdf https://www.sciencedirect.com/science/article/pii/S0169204614001613"
8	8	1	1
8	8	2	2
8	8	3	Weinig kennis beschikbaar. De meeste kennis is er over vereiste oppervlaktes van soorten (leefgebied) en van habitats, maar over de noodzakelijke kwantitatieve en kwalitatieve kenmerken van verbindingen is minder gekend (uitgezonderd voor boshabitat, waarvoor is aangetoond dat fysisch contact via ander bos of houtkanten vereist is).
9	1	1	3
9	1	2	3
9	1	3	hoog (index 1,612 / aantalklassen 3)
9	2	1	3
9	2	2	3
9	2	3	SBZ-(deel)gebied tot internationaal
9	3	1	3
9	3	2	3
9	3	3	wijd verspreid in Vlaanderen
9	4	1	3
9	4	2	3
9	4	3	"Complex:
- Veel sectoren: verkeer, landbouw, industrie, huishoudens: stikstofemissies
- Eerder diffuus, maar met talrijke puntbronnen. Zie https://www.milieurapport.be/milieuthemas/vermesting-verzuring/verzuring/aandeel-doelgroepen-en-import-in-de-potentieel-verzurende-depositie"
9	5	1	2
9	5	2	1
9	5	3	Deels, PAS moet verder uitgewerkt en geïmplementeerd worden
9	6	1	3
9	6	2	3
9	6	3	"- Ja
- Ja (Vlaams model)"
9	7	1	2
9	7	2	3
9	7	3	"Er is veel beschikbaar maar weinig gevalideerd, vele assumpties mbt tot omvang van de emissie:
- Puntgewijze metingen voor validatie
- Vlaanderendekkend model (VLOPS) 
- mogelijkheid tot lokale modellering (IFDM)"
9	8	1	3
9	8	2	3
9	8	3	Ja: KDW voor stikstofdepositie
10	1	1	3
10	1	2	3
10	1	3	hoog (index 0,975 / aantalklassen 3)
10	2	1	0
10	2	2	3
10	2	3	veelal lokaal
10	3	1	3
10	3	2	3
10	3	3	wijd verspreid in Vlaanderen
10	4	1	2
10	4	2	3
10	4	3	"Matig complex:
- Weinig, met name landbouw: bemesting (dierlijk / kunstmest) met effecten op bodem en grondwater
- Vele bronnen
- Complexe interactie met verdroging, vernatting, sulfaataanvoer via grondwater, die eutrofiëring thv de bodem veroorzaken"
10	5	1	2
10	5	2	1
10	5	3	Deels, ze zijn nog onvoldoende afgestemd op de complexiteit van de milieudruk
10	6	1	2
10	6	2	3
10	6	3	"- Ja (maar moeilijker dan stikstof)
- Ja (kwalitatief?)"
10	7	1	1
10	7	2	3
10	7	3	"Onvoldoende:
- Puntgewijze metingen, enkel in landbouwgebied (Bodem: oude fosfaatverzadigingskaarten van jaren negentig met lage dichtheid aan punten (Baert et a l 1997); meer in MAP5)
- Mestbankgegevens (mestproductie; mestafzet en N+P in Vlaamse landbouwpercelen)
Ivm interactie met andere milieudrukken (vraag A4), zie die milieudrukken"
10	8	1	2
10	8	2	3
10	8	3	"Deels: referentiewaarden + work in progress.
Fosfaatverzadigingsconcept als basis voor al dan niet uitlogen van P uit bodems, maar geen bruikbare modellen voor traject tussen toplaag v bodem en kwel in natuurgebied. Geen kritische waarden op niveau van standplaats maar eerder toestandsvariabele grotendeels gekend (+ bijdrage habnorm)"
11	1	1	3
11	1	2	3
11	1	3	hoog (index 0,975 / aantalklassen 3)
11	2	1	1
11	2	2	2
11	2	3	veelal lokaal, tot SBZ-(deel)gebied wegens mobiliteit van element
11	3	1	3
11	3	2	2
11	3	3	wijd verspreid in Vlaanderen
11	4	1	2
11	4	2	3
11	4	3	"Matig complex:
- Weinig, met name landbouw: bemesting (dierlijk / kunstmest) met effecten op bodem en grondwater
- Vele bronnen
- Complexe interactie met verdroging, vernatting, sulfaataanvoer via grondwater, die eutrofiëring thv de bodem veroorzaken"
11	5	1	1
11	5	2	2
11	5	3	Ja, er is een adequaat instrument (MAP), maar er is verdere aanscherping en implementatie nodig
11	6	1	3
11	6	2	2
11	6	3	"- Ja
- Ja"
11	7	1	2
11	7	2	2
11	7	3	De Mestbank verzamelt gedetailleerde gegevens over de N-stromen in landbouwbedrijven, en dit voor heel Vlaanderen; via modellen is er inschatting mogelijk van de verliezen naar compartimenten lucht en (grond)water. De stikstof die vrijkomt via verdroging (mineralisatie) is waarschijnlijk minder goed gekend of te begroten.
11	8	1	2
11	8	2	3
11	8	3	Deels: referentiewaarden + work in progress.
12	1	1	3
12	1	2	3
12	1	3	hoog (index 1,091 / aantalklassen 2)
12	2	1	1
12	2	2	3
12	2	3	lokaal tot niveau grondwatersysteem
12	3	1	3
12	3	2	3
12	3	3	wijd verspreid in Vlaanderen
12	4	1	2
12	4	2	3
12	4	3	"Matig complex:
- Meerdere sectoren: Landbouw: bemesting (dierlijk / kunstmest) met effecten op grondwater; in mindere mate huishoudens en industrie met effecten op grondwater door infiltratie van afvoerwater
- Vele bronnen"
12	5	1	2
12	5	2	1
12	5	3	Deels, ze zijn nog onvoldoende afgestemd op de complexiteit van de milieudruk
12	6	1	2
12	6	2	3
12	6	3	"- Ja
- Ja (kwalitatief?, modellering heel complex)"
12	7	1	1
12	7	2	2
12	7	3	"Onvoldoende:
- Puntgewijze metingen (Bodem enkel in landbouwgebied: oude fosfaatverzadigingskaarten van jaren negentig met lage dichtheid aan punten (Baert et a l 1997); meer in MAP5. Water: deels via meetnet INBO en VMM)"
12	8	1	2
12	8	2	3
12	8	3	"Deels: referentiewaarden + work in progress.
Fosfaatverzadigingsconcept als basis voor al dan niet uitlogen van P uit bodems, maar geen bruikbare modellen voor traject tussen toplaag v bodem en kwel in natuurgebied. Geen kritische waarden op niveau van standplaats maar eerder toestandsvariabele grotendeels gekend (+ bijdrage habnorm)"
13	1	1	3
13	1	2	3
13	1	3	hoog (index 1,091 / aantalklassen 2)
13	2	1	1
13	2	2	2
13	2	3	lokaal tot niveau grondwatersysteem
13	3	1	3
13	3	2	2
13	3	3	wijd verspreid in Vlaanderen
13	4	1	2
13	4	2	2
13	4	3	"Matig complex:
- Meerdere sectoren: Landbouw: bemesting (dierlijk / kunstmest) met effecten op grondwater; in mindere mate huishoudens en industrie met effecten op grondwater door infiltratie van afvoerwater
- Vele bronnen"
13	5	1	2
13	5	2	2
13	5	3	Deels,  ze zijn nog onvoldoende afgestemd op de complexiteit van de milieudruk (het gaat zowel over input van bemesting als atmosferisch)
13	6	1	2
13	6	2	2
13	6	3	"- Ja
- Ja (kwalitatief?, modellering heel complex)"
13	7	1	2
13	7	2	2
13	7	3	grondwatermeetpunten WATINA, VMM, VLM zijn beschikbaar in geheel Vlaanderen; grondwatermodellering is mogelijk maar modellen zijn nog niet overal beschikbaar
13	8	1	2
13	8	2	3
13	8	3	Deels: referentiewaarden + work in progress.
14	1	1	3
14	1	2	3
14	1	3	hoog (index 1,056 / aantalklassen 2)
14	2	1	2
14	2	2	3
14	2	3	SBZ-(deel)gebied / ecoregio / valleisysteem / oppervlaktewater
14	3	1	3
14	3	2	2
14	3	3	wijd verspreid in Vlaanderen; een deel van de valleigebieden en kust (Vlaanderen) plus oppervlaktewateren en erosiegevoelige hellingen; ook andere systemen
14	4	1	3
14	4	2	2
14	4	3	"Complex:
- sectoren: landbouw, huishoudens, industrie
- vele bronnen, ook erosie, afspoeling"
14	5	1	2
14	5	2	2
14	5	3	Deels, ze zijn nog onvoldoende afgestemd op de complexiteit van de milieudruk (vergunningverlening, MAP, riolering, erosiebestrijding, ...). Er is meer nodig om tot een duurzaam en IHD-compatibel watersysteem te komen in Vlaanderen. Er zijn instrumenten, maar de implementatie is te vrijblijvend of beperkt (de normen worden nog niet gehaald)
14	6	1	2
14	6	2	2
14	6	3	"- Ja
- Ja (modellering nodig)"
14	7	1	2
14	7	2	3
14	7	3	"""Er zijn data, maar nog niet toereikend:
- Puntmetingen oppervlaktewater
- Landbouwbemesting (Mestbank)
- Erosieproblematiek is onvoldoende in kaart gebracht
- Geen zicht op impact in overstromingsgebied
- Er bestaan gebiedsspecifieke modellen voor sedimentatie"""
14	8	1	2
14	8	2	2
14	8	3	"- Er zijn normen voor de natuurkwaliteit van aquatische systemen, maar niet van terrestrische systemen en deze zijn niet eenvoudig op te stellen.
- Er kan wel een link verondersteld worden tussen beide in het geval van overstroming.
- In het geval van afspoeling kan men stellen dat geen aangerijkte bodem in het habitat mag terecht komen, dus geen enkele depositie van slib via erosie is toelaatbaar."
15	1	1	3
15	1	2	3
15	1	3	hoog (index 1,056 / aantalklassen 2)
15	2	1	2
15	2	2	3
15	2	3	SBZ-(deel)gebied / ecoregio / valleisysteem / oppervlaktewater
15	3	1	3
15	3	2	2
15	3	3	een deel van de valleigebieden en kust (Vlaanderen) plus oppervlaktewateren en erosiegevoelige hellingen; ook andere systemen
15	4	1	3
15	4	2	3
15	4	3	"Complex:
- sectoren: landbouw, huishoudens, industrie
- vele bronnen, ook erosie, afspoeling"
15	5	1	2
15	5	2	2
15	5	3	Deels, ze zijn nog onvoldoende afgestemd op de complexiteit van de milieudruk (vergunningverlening, MAP, riolering, erosiebestrijding, ...). Er is meer nodig om tot een duurzaam en IHD-compatibel watersysteem te komen in Vlaanderen. Er zijn instrumenten, maar de implementatie is te vrijblijvend of beperkt (de normen worden nog niet gehaald)
15	6	1	2
15	6	2	3
15	6	3	"- Ja
- Ja (modellering nodig)"
15	7	1	2
15	7	2	2
15	7	3	"Er zijn data, maar nog niet toereikend:
- Puntmetingen oppervlaktewater
- Landbouwbemesting (Mestbank)
- Erosieproblematiek is onvoldoende in kaart gebracht
- Geen zicht op impact in overstromingsgebied
- Er bestaan gebiedsspecifieke modellen voor sedimentatie"
15	8	1	2
15	8	2	2
15	8	3	"- Er zijn normen voor de natuurkwaliteit van aquatische systemen, maar niet van terrestrische systemen en deze zijn niet eenvoudig op te stellen.
- Er kan wel een link verondersteld worden tussen beide in het geval van overstroming.
- In het geval van afspoeling kan men stellen dat geen aangerijkte bodem in het habitat mag terecht komen, dus geen enkele depositie van slib via erosie is toelaatbaar."
16	1	1	3
16	1	2	3
16	1	3	hoog (index 0,989 / aantalklassen 2)
16	2	1	3
16	2	2	2
16	2	3	SBZ-(deel)gebied tot internationaal
16	3	1	3
16	3	2	2
16	3	3	wijd verspreid in Vlaanderen
16	4	1	3
16	4	2	3
16	4	3	"Complex
- veel sectoren: verkeer, landbouw, industrie, huishoudens: zwavel is zo goed als onder controle, maar verzuring door stikstofdepositie (NH3, NH4+) blijft op veel plaatsen een probleem. Bovendien zijn de mogelijkheden voor herstel klein, door de daling in de depositie van basische kationen alsook de voorraad basische kationen in de bodem
- heel veel puntbronnen, met een eerder diffuse werking elk op zich, maar een belangrijke cumulatieve impact"
16	5	1	2
16	5	2	2
16	5	3	Deels, het PAS-instrumentarium kan hiervoor worden omgebouwd
16	6	1	3
16	6	2	2
16	6	3	"- Ja (reductie emissies)
- Ja (Vlaams model)"
16	7	1	2
16	7	2	3
16	7	3	"Er is veel beschikbaar maar weinig gevalideerd, vele assumpties:
- Puntgewijze metingen
- Vlaanderendekkend model (VLOPS)
- mogelijkheid tot lokale modellering (IFDM)"
16	8	1	3
16	8	2	3
16	8	3	Ja: KDW voor verzuring via de lucht
17	1	1	1
17	1	2	3
17	1	3	laag (index 0,086 / aantalklassen 0)
17	2	1	1
17	2	2	3
17	2	3	lokaal tot niveau grondwatersysteem
17	3	1	2
17	3	2	2
17	3	3	De weinig gebufferde delen van Vlaanderen (zandig); bepaalde ecoregio's, afhankelijk van hydrologie en geochemie en landgebruik in infiltratiegebieden
17	4	1	2
17	4	2	2
17	4	3	"Matig complex:
- Weinig, met name landbouw: bemesting (dierlijk / kunstmest) met effecten op bodem en grondwater
- Vele bronnen
- Complexe interactie met verdroging, vernatting, sulfaataanvoer via grondwater, die eutrofiëring thv de bodem veroorzaken"
17	5	1	2
17	5	2	1
17	5	3	Deels, ze zijn nog onvoldoende afgestemd op de complexiteit van de milieudruk (het gaat zowel over input van bemesting als atmosferisch)
17	6	1	2
17	6	2	2
17	6	3	"- Ja 
- Ja (vooral kwalitatief inzicht)"
17	7	1	2
17	7	2	2
17	7	3	grondwatermeetpunten WATINA, VMM, VLM zijn beschikbaar in geheel Vlaanderen; grondwatermodellering mogelijk is mogelijk maar modellen zijn nog niet overal beschikbaar
17	8	1	1
17	8	2	2
17	8	3	Deels: data beschikbaar, maar work in progress.
18	1	1	1
18	1	2	3
18	1	3	laag (index 0 / aantalklassen 0)
18	2	1	0
18	2	2	3
18	2	3	lokaal
18	3	1	1
18	3	2	3
18	3	3	Verspreid, maar heel lokale situaties/problematiek
18	4	1	1
18	4	2	2
18	4	3	"Minder complex
- matig aantal sectoren: industrie, landbouw
- aantal puntbronnen in Vlaanderen is vermoedelijk klein"
18	5	1	1
18	5	2	1
18	5	3	Ja, via instrumenten die de eutrofiëring bekampen. Actueel is deze milieudruk slechts lokaal aanwezig, waardoor combinatie van een gebiedsgerichte aanpak en regionale instrumenten vermoedelijk op een adequate wijze problemen kunnen aanpakken waar ze zich (zouden) voordoen.
18	6	1	2
18	6	2	2
18	6	3	"- Ja 
- Ja (vooral kwalitatief inzicht)"
18	7	1	2
18	7	2	2
18	7	3	verspreide informatie bij detailstudies in wetlands
18	8	1	1
18	8	2	2
18	8	3	Deels: data beschikbaar, maar work in progress. Geen grenswaarden voor stagnerend regenwater, studies naar het proces zijn wel beschikbaar.
19	1	1	3
19	1	2	3
19	1	3	hoog (index 1,199 / aantalklassen 2)
19	2	1	1
19	2	2	3
19	2	3	lokaal tot niveau grondwatersysteem
19	3	1	3
19	3	2	3
19	3	3	wijd verspreid in Vlaanderen
19	4	1	3
19	4	2	3
19	4	3	"Complex
- vrij veel sectoren: drinkwater, landbouw, industrie
- zeer veel puntbronnen (grondwaterwinning van klein tot zeer groot), maar ook diffuse werking van (grootschalige) drainage"
19	5	1	2
19	5	2	2
19	5	3	Deels via vergunningenkader, maar deze kan zich hierbij slechts baseren op enkele algemen bepalingen uit het natuurdecreet of de habitatrichtlijn en veel bronnen van verdroging vallen daar niet onder (kleine bemalingen, drainage, ...)
19	6	1	3
19	6	2	3
19	6	3	"- Ja
- Ja (grondwatermodellering)"
19	7	1	2
19	7	2	2
19	7	3	grondwatermeetpunten WATINA, VMM, VLM zijn beschikbaar in geheel Vlaanderen; grondwatermodellering mogelijk is mogelijk maar modellen zijn nog niet overal beschikbaar
19	8	1	2
19	8	2	3
19	8	3	Deels: referentiewaarden + work in progress.
20	1	1	1
20	1	2	3
20	1	3	laag (index 0,191 / aantalklassen 0)
20	2	1	1
20	2	2	2
20	2	3	lokaal tot niveau grondwatersysteem
20	3	1	2
20	3	2	2
20	3	3	Verspreid in Vlaamse valleigebieden (herstel natuurlijke waterstanden ikv natuurinrichting/milieubouw/bufferwerking en overstromingspreventie)
20	4	1	1
20	4	2	2
20	4	3	"Weinig complex
- weinig sectoren: vnl. milieu- en natuursector (overheid/ngo) via natuurherstel valleisystemen
- bron is vaak terug te brengen tot enkele ingrepen (vermindering drainage/stopzetten ruimingen waterloopbedding/opstuwing, e.a.), met diffuse werking
- interactie met verzuring via oppervlaktewater (stagnerend regenwater) en interne eutrofiëring"
20	5	1	1
20	5	2	2
20	5	3	Ja, via vergunningenkader + wetgeving i.v.m. ruiming + beheerplanning
20	6	1	3
20	6	2	3
20	6	3	"- Ja
- Ja (grondwatermodellering)"
20	7	1	2
20	7	2	2
20	7	3	grondwatermeetpunten WATINA, VMM, VLM zijn beschikbaar in geheel Vlaanderen; grondwatermodellering mogelijk is mogelijk maar modellen zijn nog niet overal beschikbaar
20	8	1	1
20	8	2	2
20	8	3	Deels: referentiewaarden + work in progress. Maar niet beschikbaar voor droge types
21	1	1	2
21	1	2	3
21	1	3	matig (index 0,355 / aantalklassen 1)
21	2	1	2
21	2	2	3
21	2	3	SBZ-(deel)gebied / ecoregio / valleisysteem
21	3	1	2
21	3	2	3
21	3	3	een deel van de valleigebieden en kust van Vlaanderen
21	4	1	3
21	4	2	3
21	4	3	"Complex:
- Alle sectoren die ingrijpen in het watersysteem zodat versneld water wordt afgevoerd (o.m. door ruimtebeslag / verharding), dus alle sectoren
- Veel bronnen: diffuse oorsprong + lokale versterking door rechttrekking / verdieping / verbreding van waterlopen"
21	5	1	2
21	5	2	1
21	5	3	Deels, er is meer nodig om tot een duurzaam en IHD-compatibel watersysteem te komen in Vlaanderen. Er zijn instrumenten, maar de implementatie is te vrijblijvend of beperkt
21	6	1	2
21	6	2	3
21	6	3	"- Ja
- Ja (modellering nodig)"
21	7	1	1
21	7	2	2
21	7	3	"Veel beschikbaar, maar niet Vlaanderendekkend (kleinste waterlopen vaak niet gemodelleerd) en niet natuurgericht (antropocentrisch). Minder gericht op kortere-termijn evoluties.
- Puntgewijze peilmetingen
- overstromingsgevaarkaarten met diepte, stroomsnelheid & stijgsnelheid voor 10-, 100- en 1000-jaarlijkse stormen; kaarten overstromingsgevoelige gebieden
- Vlaanderendekkend model: zou dit al gemaakt zijn (technologie en kennis is er allicht wel)"
21	8	1	2
21	8	2	3
21	8	3	Benaderend / kwalitatief wel (De Nocker et al. 2006: expertkennis voor toestandsvariabelen: compatibiliteit van vegetatietypen met een bepaalde frequentie, duur, diepte, seizoen overstroming; Zonneveld voor zoetwatergetijden Biesbosch)
22	1	1	2
22	1	2	3
22	1	3	matig (index 0,263 / aantalklassen 1)
22	2	1	2
22	2	2	2
22	2	3	SBZ-(deel)gebied / ecoregio / valleisysteem
22	3	1	2
22	3	2	2
22	3	3	Bepaalde delen van Vlaamse valleigebieden, vnl. benedenloop grotere rivieren en beken
22	4	1	3
22	4	2	2
22	4	3	"Complex:
- Alle sectoren die ingrijpen in het watersysteem zodat versneld water wordt afgevoerd (o.m. door ruimtebeslag / verharding), dus alle sectoren
- Veel bronnen: diffuse oorsprong + lokale versterking door rechttrekking / verdieping / verbreding van waterlopen"
22	5	1	2
22	5	2	1
22	5	3	Deels, er is meer nodig om tot een duurzaam en IHD-compatibel watersysteem te komen in Vlaanderen. Er zijn instrumenten, maar de implementatie is te vrijblijvend of beperkt
22	6	1	1
22	6	2	2
22	6	3	- zeer veel bronnen met variabele inbreng, daardoor effecten moeilijk door te rekenen
22	7	1	1
22	7	2	2
22	7	3	"Veel beschikbaar, maar niet Vlaanderendekkend (kleinste waterlopen vaak niet gemodelleerd) en niet natuurgericht (antropocentrisch). Minder gericht op kortere-termijn evoluties.
- Puntgewijze peilmetingen
- overstromingsgevaarkaarten met diepte, stroomsnelheid & stijgsnelheid voor 10-, 100- en 1000-jaarlijkse stormen; kaarten overstromingsgevoelige gebieden
- Vlaanderendekkend model: zou dit al gemaakt zijn (technologie en kennis is er allicht wel)"
22	8	1	2
22	8	2	2
22	8	3	Benaderend / kwalitatief wel (De Nocker et al. 2006: expertkennis voor toestandsvariabelen: compatibiliteit van vegetatietypen met een bepaalde frequentie, duur, diepte, seizoen overstroming; Zonneveld voor zoetwatergetijden Biesbosch)
23	1	1	1
23	1	2	3
23	1	3	laag (index 0,191 / aantalklassen 0)
23	2	1	1
23	2	2	2
23	2	3	lokaal tot niveau oppervlaktewaterlichaam
23	3	1	1
23	3	2	2
23	3	3	Estuariene systemen in Vlaanderen
23	4	1	3
23	4	2	2
23	4	3	"Complex
- veel sectoren en beleidsomgevingen (landbouw, ruimtelijke ordening, water- en klimaatbeleid)
- zeer veel potentiële bronnen, gelinkt aan verminderde infiltratie, rechttrekking van waterlopen, verharding
- complexer voor landinwaartse stromende wateren (3260) dan voor estuaria"
23	5	1	3
23	5	2	2
23	5	3	Bestaande instrumentarium onvoeldoende ontwikkeld in functie van natuurkwaliteit en nog onvoldoende afgestemd op de complexiteit van de milieudruk
23	6	1	1
23	6	2	2
23	6	3	- zeer veel bronnen met variabele inbreng, daardoor effecten moeilijk door te rekenen
23	7	1	2
23	7	2	1
23	7	3	Stroomsnelheid wordt vanaf 2020 jaarlijks gemodelleerd voor Zeeschelde en Maas.
23	8	1	1
23	8	2	2
23	8	3	Voor het subtidaal deel van het Schelde-estuarium zijn er grenswaarden, voor de supralitorale habitats niet.
24	1	1	2
24	1	2	3
24	1	3	matig (index 0,312 / aantalklassen 1)
24	2	1	1
24	2	2	2
24	2	3	lokaal tot niveau oppervlaktewaterlichaam
24	3	1	2
24	3	2	2
24	3	3	Verspreid over Vlaanderen
24	4	1	3
24	4	2	2
24	4	3	"Complex
- sectoren landbouw, (huishoudelijke) drinkwatervoorziening, klimaatverandering
- zeer veel mogelijke bronnen, met een uitgesproken cumulatieve impact + exogene oorzaken (bv. klimaatverandering)
- complexer voor landinwaartse stromende wateren (3260) dan voor estuaria"
24	5	1	2
24	5	2	2
24	5	3	Deels, heel complex door de veelheid aan sectoren en bronnen. Er is een beoordelingskader voor individuele vergunningsaanvragen, maar deze houdt onvoldoende rekening met cumulatieve effecten, waardoor het zijn doel voorbijschiet
24	6	1	2
24	6	2	1
24	6	3	redelijke onzekerheid op inschattingen
24	7	1	2
24	7	2	2
24	7	3	Stroomsnelheid wordt vanaf 2020 jaarlijks gemodelleerd voor Zeeschelde en Maas.
24	8	1	1
24	8	2	2
24	8	3	Voor enkele habitats zijn er grenswaarden voor overspoelingsfrequenties.
25	1	1	1
25	1	2	3
25	1	3	laag (index 0,138 / aantalklassen 0)
25	2	1	0
25	2	2	3
25	2	3	zeer lokaal tot lokaal
25	3	1	1
25	3	2	2
25	3	3	(vooral) Schelde-estuarium
25	4	1	1
25	4	2	3
25	4	3	"Weinig complex
- scheepvaart belangrijkste/enige sector
- aantal bronnen is (zeer) klein"
25	5	1	3
25	5	2	2
25	5	3	Er zijn beleidsinstrumenten (richtlijnen) maar ze zijn onvoldoende adequaat
25	6	1	3
25	6	2	3
25	6	3	"- Ja
- Ja (modellen waterbouwkundig labo)"
25	7	1	1
25	7	2	2
25	7	3	Fragmentarisch: er zijn metingen op 4 locaties in het Schelde-estuarium.
25	8	1	0
25	8	2	1
25	8	3	Nee
26	1	1	1
26	1	2	3
26	1	3	laag (index 0,09 / aantalklassen 0)
26	2	1	0
26	2	2	3
26	2	3	zeer lokaal tot lokaal
26	3	1	1
26	3	2	3
26	3	3	verspreid in Vlaanderen, vooral in Kempen: (grotere) plassen met 3110 of 3130_aom
26	4	1	2
26	4	2	2
26	4	3	"Matig complex:
- Alle ruimtegebruikers (terrestrische natuurinfrastructuur):
* bomen, hagen, bebouwing, extensivering beheer (minder dynamiek) …: windvang in de omgeving van plassen met geleidelijke oevers
* ingrepen met hydrologische gevolgen
- Veel gelokaliseerde bronnen, maar effect op grotere schaal wordt versterkt door meerdere bronnen"
26	5	1	2
26	5	2	1
26	5	3	Deels, de implementatie is te vrijblijvend of beperkt. (Gebiedsgerichte noden: instandhoudingsmaatregelen in N2000 managementplannen - geïmplementeerd in natuurbeheerplannen of in acties rond de milieuconditie)
26	6	1	2
26	6	2	2
26	6	3	"- Ja
- Wellicht (lokale modellen of gebiedskennis)"
26	7	1	0
26	7	2	2
26	7	3	Voornamelijk relevant voor vennen en daarover is informatie zo goed als onbestaande
26	8	1	0
26	8	2	2
26	8	3	Nee
27	1	1	1
27	1	2	3
27	1	3	laag (index 0,107 / aantalklassen 0)
27	2	1	1
27	2	2	2
27	2	3	lokaal tot SBZ-(deel)gebied
27	3	1	1
27	3	2	3
27	3	3	ecoregio Polders
27	4	1	0
27	4	2	2
27	4	3	"Eenvoudig
- waterbeheer in de Polders (vnl ifv landbouw), beperkt aantal gevallen"
27	5	1	3
27	5	2	2
27	5	3	Er zijn nauwelijks beleidsinstrumenten, ze zijn onvoldoende adequaat
27	6	1	2
27	6	2	2
27	6	3	"- Ja (peilbeheer)
- gedeeltelijk wel"
27	7	1	3
27	7	2	3
27	7	3	Vlakdekkend, goed gekend (duinen, polders)
27	8	1	1
27	8	2	2
27	8	3	referentie- of grenswaarden zijn niet zo goed gekend, indicatorwaarden zijn wel beschikbaar.
28	1	1	1
28	1	2	3
28	1	3	laag (index 0,107 / aantalklassen 0)
28	2	1	1
28	2	2	2
28	2	3	lokaal tot SBZ-(deel)gebied
28	3	1	1
28	3	2	2
28	3	3	ecoregio Polders
28	4	1	0
28	4	2	2
28	4	3	"Eenvoudig
- waterbeheer in de Polders (vnl ifv landbouw), beperkt aantal gevallen"
28	5	1	3
28	5	2	2
28	5	3	Er zijn nauwelijks beleidsinstrumenten, ze zijn onvoldoende adequaat
28	6	1	2
28	6	2	2
28	6	3	"- Ja (peilbeheer)
- gedeeltelijk wel"
28	7	1	2
28	7	2	2
28	7	3	Voor de Schelde zijn saliniteitsmetingen beschikbaar.
28	8	1	1
28	8	2	2
28	8	3	referentie- of grenswaarden zijn niet zo goed gekend, indicatorwaarden zijn wel beschikbaar.
29	1	1	1
29	1	2	3
29	1	3	laag (index 0 / aantalklassen 0)
29	2	1	1
29	2	2	2
29	2	3	lokaal tot SBZ-(deel)gebied
29	3	1	1
29	3	2	3
29	3	3	ecoregio Polders
29	4	1	1
29	4	2	2
29	4	3	"Weinig complex
- eerder “passief gebeuren” (interne verzilting) zonder aanduidbare sectoren, weliswaar versterkt door klimaatverandering (toenemende zoutwaterdruk door zeespiegelstijging en eeuwenlange menselijk ingrijpen (ontginning, inklinking poldergronden) en landbouwdrainage
- weinig sectoren: landbouw (winning zoet oppervlakte- en grondwater)
- aantal bronnen met effectieve impact op proces van verzilting eerder beperkt"
29	5	1	2
29	5	2	2
29	5	3	Deels, via vergunningsbeleid, maar houdt onvoldoende rekening met cumulatieve effecten, geen overkoepelend beleidsinstrumentarium
29	6	1	2
29	6	2	2
29	6	3	"- Ja
- gedeeltelijk, impact wellicht niet eenduidig te begroten"
29	7	1	3
29	7	2	3
29	7	3	Vlakdekkend, goed gekend (duinen, polders)
29	8	1	1
29	8	2	2
29	8	3	referentie- of grenswaarden zijn niet zo goed gekend, indicatorwaarden zijn wel beschikbaar.
30	1	1	1
30	1	2	3
30	1	3	laag (index 0 / aantalklassen 0)
30	2	1	1
30	2	2	2
30	2	3	lokaal tot SBZ-(deel)gebied
30	3	1	1
30	3	2	3
30	3	3	ecoregio Polders
30	4	1	1
30	4	2	2
30	4	3	"Weinig complex
- estuarien waterbeheer (baggerwerken, ruimingen getijdengeul); voor belangrijk deel “passief gebeuren” (indringing zouttong via getijdenrivieren n.a.v. zeespiegelstijging; zie ook verzilting via grondwater)
- aantal bronnen met effectieve impact eerder beperkt"
30	5	1	2
30	5	2	2
30	5	3	Deels, via vergunningsbeleid, maar houdt onvoldoende rekening met cumulatieve effecten, geen overkoepelend beleidsinstrumentarium
30	6	1	2
30	6	2	2
30	6	3	"- Ja
- gedeeltelijk, impact wellicht niet eenduidig te begroten"
30	7	1	2
30	7	2	2
30	7	3	Voor de Schelde zijn saliniteitsmetingen beschikbaar.
30	8	1	1
30	8	2	2
30	8	3	referentie- of grenswaarden zijn niet zo goed gekend, indicatorwaarden zijn wel beschikbaar.
31	1	1	1
31	1	2	1
31	1	3	laag (index 0,015 / aantalklassen 0)
31	2	1	2
31	2	2	2
31	2	3	afhankelijk van stof: lokaal tot internationaal
31	3	1	3
31	3	2	3
31	3	3	wijd verspreid in Vlaanderen; variabel volgens stof
31	4	1	3
31	4	2	3
31	4	3	"Complex
- veel sectoren (vooral industrie en verkeer, maar ook huishoudens, landbouw, …)
- aantal bronnen varieert volgens stof/sector (o.a. dioxines, PCB’s, PAK’s, zware metalen, fijn stof, elementair koolstof) van beperkt aantal (industrie bv. loodraffinaderijen, …) tot veel (verkeer, verbrandingsinstallaties, …)"
31	5	1	2
31	5	2	2
31	5	3	Deels, beleidsintrumenten onvoldoende ontwikkeld in functie van natuurkwaliteit (biodiversiteit/fauna/flora). Voor veel componenten bestaat er ook nauwelijks of geen monitoring
31	6	1	2
31	6	2	2
31	6	3	"- Ja
- gedeeltelijk (soms complexe modellering nodig)"
31	7	1	2
31	7	2	2
31	7	3	VMM meetnet lucht; onvolledig
31	8	1	0
31	8	2	2
31	8	3	Nauwelijks en focus op gezondheid en milieu. Voorbeelden zijn de Europese LT doelstelling voor ozon, de Europese streefwaarden voor bepaalde zware metalen
32	1	1	1
32	1	2	1
32	1	3	laag (index 0,075 / aantalklassen 0)
32	2	1	0
32	2	2	2
32	2	3	lokaal
32	3	1	2
32	3	2	2
32	3	3	Verspreid over Vlaanderen; hangt af van de hydrologie en geochemie van het gebied
32	4	1	3
32	4	2	3
32	4	3	"Complex
- weinig gekend waar verontreinigingen aanwezig zijn, maar alleszins op veel plaatsen en door uiteenlopende sectoren
- vaak historische verontreinigingen
- beschikbaarheid afhankelijk van fysico-chemische factoren; interactie tussen polluenten; nog ongekende polluenten"
32	5	1	2
32	5	2	2
32	5	3	Deels, ze zijn nog onvoldoende afgestemd op de complexiteit van de milieudruk en niet ontwikkeld in functie van natuurkwaliteit/biodiversiteit
32	6	1	2
32	6	2	2
32	6	3	niet altijd evident; polluentafhankelijk; moeilijk met historische vervuiling
32	7	1	1
32	7	2	2
32	7	3	Alleen lokale studies; OVAM
32	8	1	1
32	8	2	2
32	8	3	Beperkt: Vlarebo bodemsaneringsnormen en streefwaarden voor bodem (bestemmingstype natuur)
33	1	1	2
33	1	2	1
33	1	3	matig (index 0,22 / aantalklassen 0)
33	2	1	1
33	2	2	2
33	2	3	lokaal tot niveau grondwatersysteem
33	3	1	2
33	3	2	2
33	3	3	Verspreid over Vlaanderen
33	4	1	2
33	4	2	2
33	4	3	"Matig complex
- beperkt aantal sectoren (vnl. industrie)
- beperkt aantal bronnen, maar wel interacties mogelijk (polluenten onderling, maar ook met bodem/gesteente)"
33	5	1	2
33	5	2	1
33	5	3	Deels, ze zijn nog onvoldoende afgestemd op de complexiteit van de milieudruk (bewegingen van polluenten moeilijk voorspelbaar) en niet ontwikkeld in functie van natuurkwaliteit/biodiversiteit
33	6	1	2
33	6	2	2
33	6	3	niet altijd evident; polluentafhankelijk; moeilijk met historische vervuiling
33	7	1	1
33	7	2	2
33	7	3	Onvoldoende gekend: te weinig specifieke metingen van polluenten in het grondwater
33	8	1	1
33	8	2	2
33	8	3	Beperkt: Vlarebo bodemsaneringsnormen en streefwaarden voor bodem (bestemmingstype natuur)
34	1	1	2
34	1	2	1
34	1	3	matig (index 0,465 / aantalklassen 1)
34	2	1	1
34	2	2	2
34	2	3	lokaal tot valleisysteem
34	3	1	2
34	3	2	2
34	3	3	een deel van de valleigebieden en kust (Vlaanderen) plus oppervlaktewateren
34	4	1	3
34	4	2	3
34	4	3	"Complex
- sectoren: vooral industrie, landbouw, ook huishoudens
- veel bronnen
- complexe processen bepalen beschikbaarheid polluenten"
34	5	1	2
34	5	2	2
34	5	3	Deels, beleidsinstrumenten (emissienormen, erosiebesluit) bestaan maar zijn niet streng genoeg
34	6	1	2
34	6	2	1
34	6	3	"- Ja: emissies beperken, RWZI verbeteren, erosiebeperkende maatregelen,...
- Impact op de milieudruk kan voor sommige stoffen eerder gering zijn (bv. hormonen in RWZI effluenten)"
34	7	1	2
34	7	2	1
34	7	3	Subset van VMM meetnet waterkwaliteit oppervlaktewater; niet in afstromend water (runoff)
34	8	1	0
34	8	2	2
34	8	3	Nee
35	1	1	1
35	1	2	3
35	1	3	laag (index 0 / aantalklassen 0)
35	2	1	0
35	2	2	2
35	2	3	lokaal
35	3	1	1
35	3	2	2
35	3	3	lokaal, enkele waterlopen stroomafwaarts energiecentralen of industrieterreinen
35	4	1	1
35	4	2	3
35	4	3	"Weinig complex
- vooral sector energiewinning
- impact beperkt zich wellicht tot grotere koelinstallaties (kernreactoren, WKK’s) aangesloten op stromende wateren; minder voor KMO’s/tuin- en landbouw"
35	5	1	1
35	5	2	3
35	5	3	Ja, via vergunningenbeleid
35	6	1	3
35	6	2	2
35	6	3	"- Ja: bv. technische aanpassingen bij de bron
- Ja: via modellering"
35	7	1	1
35	7	2	1
35	7	3	Weinig informatie
35	8	1	2
35	8	2	3
35	8	3	VLAREM
36	1	1	1
36	1	2	2
36	1	3	laag (index 0,156 / aantalklassen 0)
36	2	1	1
36	2	2	2
36	2	3	lokaal tot SBZ-(deel)gebied
36	3	1	2
36	3	2	2
36	3	3	Verspreid over heel Vlaanderen, maar op bepaalde plaatsen meer dan elders (bv. industrie, wegen, steden, ..)
36	4	1	3
36	4	2	2
36	4	3	"Complex
- veel sectoren: vrijwel alle ruimtegebruikers, met meeste impact van industrie, wegverkeer, recreatie, vliegvaart, bewoning
- zeer veel, lokale bronnen
- vaak samen met visuele verstoring (licht/beweging)"
36	5	1	2
36	5	2	2
36	5	3	Deels. Vergunningsplichtige activiteiten moeten wel voldoen aan bepaalde normen (bv. VLAREM). Doorgaans worden de aanbevelingen op basis van een lokale analyse (bv. MER) toegepast, steunend op beschikbare kennis en deels een expertenoordeel. Specifiek voor windturbines bestaat wel een INBO leidraad en (voor vleermuizen) beleidskader vanuit ANB.
36	6	1	2
36	6	2	2
36	6	3	"- Ja: bv. technische aanpassingen aan bepaalde bronnen, afscherming, bepaalde afstandsregels op basis van review studies 
- impact inschatten moeilijk (door complexiteit van meerdere bronnen en verschillende gevoeligheid van soorten)"
36	7	1	1
36	7	2	2
36	7	3	Slechts voor enkele bronnen (bv. geluid langs snelwegen) maar niet gebiedsdekkend voor Vlaanderen, en ook niet voor alle bronnen. Modellering zal (te) complex zijn voor de meeste bronnen.
36	8	1	1
36	8	2	2
36	8	3	Zeer beperkt. In enkele review studies geeft men drempelwaarden voor bv. zangvogels en weidevogels voor geluid van wegverkeer, of bv. verstoringsafstanden voor bronnen zoals recreatie en windturbines (combinatie met beweging), maar door de complexiteit van de bronnen en verschillende gevoeligheid van soorten, zijn vaste drempelwaarden moeilijk te bepalen. Voor vergunninghoudende activiteiten worden vaak maatregelen voorgesteld specifiek voor de betreffende locatie.
37	1	1	1
37	1	2	2
37	1	3	laag (index 0,156 / aantalklassen 0)
37	2	1	0
37	2	2	2
37	2	3	lokaal
37	3	1	3
37	3	2	2
37	3	3	wijd verspreid in Vlaanderen
37	4	1	3
37	4	2	2
37	4	3	"Complex
- veel sectoren: vrijwel alle ruimtegebruikers, met meeste impact van industrie, wegverkeer, woongebied
- zeer veel lokale bronnen (bv. verlichting langs wegen)
- elektromagnetische straling: geen wetenschappelijke consensus over mogelijke effecten, maar er zijn wel indicaties"
37	5	1	3
37	5	2	2
37	5	3	Neen, er wordt vooral op sensibilisering ingezet. Normen in VLAREM niet in functie van natuurkwaliteit/biodiversiteit
37	6	1	2
37	6	2	2
37	6	3	"Lichthinder: 
- ja: enkel verlichten waar en wanneer noodzakelijk, aanpassen van de kleur (als laatste bijkomende maatregel), ""donkertegebieden"" afbakenen
- impact inschatten moeilijk (door complexiteit van meerdere bronnen en verschillende gevoeligheid van soorten) 
Straling:
- te grote onzekerheden over de effecten en zo ook mogelijke milderende maatregelen."
37	7	1	1
37	7	2	2
37	7	3	"Er zijn nachtelijke satellietbeelden beschikbaar (maar actueel?) die globaal de staat van de lichtvervuiling kunnen weergeven. 
Voor electromagnetische straling zijn er modellen beschikbaar om op lokaal niveau te gebruiken (opmaak doorgaans enkel i.k.v. aanvraag zendmasten) en er kunnen ook gerichte metingen worden uitgevoerd op lokaal niveau."
37	8	1	1
37	8	2	2
37	8	3	"Specifiek voor lichthinder bij bepaalde soortgroepen bestaan er wel internationale instrumenten (bv. richtlijnen EUROBATS rond lichthinder).
Voor electromagnetische straling zijn er duidelijke normen via de wetgeving, maar er bestaat discussie of deze normen voldoende zijn."
38	1	1	1
38	1	2	2
38	1	3	laag (index 0,156 / aantalklassen 0)
38	2	1	0
38	2	2	2
38	2	3	lokaal
38	3	1	2
38	3	2	2
38	3	3	Verspreid over heel Vlaanderen, maar op bepaalde plaatsen meer dan elders (bv. industrie, wegen, steden, ..)
38	4	1	3
38	4	2	3
38	4	3	"Complex
- veel sectoren: vrijwel alle ruimtegebruikers, met meeste impact van industrie, wegverkeer, recreatie, vliegvaart, bewoning
- zeer veel, lokale bronnen
- gaat vaak samen met verstoring door geluid; directe mortaliteit mogelijk door beweging (bv. windturbines)"
38	5	1	3
38	5	2	2
38	5	3	Neen. Doorgaans worden de aanbevelingen op basis van lokale analyse (bv. MER) toegepast, steunend op beschikbare kennis en deels een expertenoordeel. Specifiek voor windturbines bestaat wel een INBO leidraad en (voor vleermuizen) beleidskader vanuit ANB.
38	6	1	2
38	6	2	2
38	6	3	"- Ja: aanbevolen verstoringsafstanden (op basis van review studies) voor bepaalde bronnen en soorten
- impact inschatten moeilijk (door complexiteit van meerdere bronnen en verschillende gevoeligheid van soorten)"
38	7	1	1
38	7	2	2
38	7	3	Informatie over wegverkeer, GIS informatie van bepaalde constructies zoals windturbines, enz. Maar onvoldoende, en meestal niet op niveau Vlaanderen. Modellering zal (te) complex zijn voor de meeste bronnen.
38	8	1	1
38	8	2	1
38	8	3	Zeer beperkt. In enkele review studies geeft men verstoringsafstanden voor bepaalde soorten specifiek voor bepaalde bronnen (bv. wandelaars, boten, vliegtuigen, windturbines (=combinatie met geluid)), maar door de complexiteit van de bronnen en verschillende gevoeligheid van soorten, zijn vaste drempelwaarden moeilijk te bepalen. Voor vergunningverlenende activiteiten worden vaak maatregelen voorgesteld specifiek uitgewerkt voor de betreffende locatie.
